Nom,Marque,Prix,Lien,Description,Avis,Nombre d'avis,Couleurs Disponibles,Disponibilité,Image
T-shirt Fitness Homme - 100 Sportee Gris,DOMYOS,4.99,https://www.decathlon.fr/p/t-shirt-fitness-homme-100-sportee-blanc/_/R-p-303213?mc=960565&c=gris,"Ce t-shirt est le basique parfait. Simple et efficace, il trouve sa place dans votre dressing.",4.5,15265,"gris fonte, noir ultra, blanc ultra",S: En stock | M: En stock | L: En stock | XL: En stock | 2XL: En stock | 3XL: En stock,https://sdk.privacy-center.org/sdk/610862b293a48d36ad4a866ce125ae87e9f407cd/modern/images/6aec35fa915164598d64-privacy-management-didomi.png
T-shirt de trek voyage manches courtes laine mérinos Homme - TRAVEL 500 bleu,FORCLAZ,24.99,https://www.decathlon.fr/p/t-shirt-de-trek-voyage-manches-courtes-laine-merinos-homme-travel-500-jaune/_/R-p-106265?mc=8493310&c=bleu,Un T-shirt composé de laine mérinos pour vous permettre de parcourir le monde à pied en toute sérénité pendant plusieurs semaines.,4.6,2436,"bleu abysse, gris comète, jaune ocre / -, blanc coton",S: En stock | M: En stock | L: En stock | XL: En stock | 2XL: En stock,https://sdk.privacy-center.org/sdk/610862b293a48d36ad4a866ce125ae87e9f407cd/modern/images/6aec35fa915164598d64-privacy-management-didomi.png
T-SHIRT DE FITNESS SOFT TRAINING ADIDAS HOMME NOIR,ADIDAS,29.99,https://www.decathlon.fr/p/t-shirt-de-fitness-soft-training-adidas-homme-noir/_/R-p-X8877737?mc=8877737,Conçu pour t'accompagner tout au long de la journée.,4.9,73,Non disponible,S: En stock | M: En stock | L: En stock | XL: En stock | 2XL: En stock | 3XL: En stock,https://sdk.privacy-center.org/sdk/610862b293a48d36ad4a866ce125ae87e9f407cd/modern/images/6aec35fa915164598d64-privacy-management-didomi.png
"T-shirt de fitness homme Aeroready, rouge",ADIDAS,19.99,https://www.decathlon.fr/p/t-shirt-de-fitness-homme-aeroready-rouge/_/R-p-366072?mc=8944830,"Conçu pour t’accompagner dans toutes tes séances sportives, offrant légèreté et respirabilité pour un confort maximum pendant l’effort",Non disponible,Non disponible,Non disponible,S: En stock | M: En stock | L: En stock | 2XL: En stock,https://sdk.privacy-center.org/sdk/610862b293a48d36ad4a866ce125ae87e9f407cd/modern/images/6aec35fa915164598d64-privacy-management-didomi.png
T-Shirt Fitness Homme - 500 Essentials violet néon,DOMYOS,2,https://www.decathlon.fr/p/t-shirt-de-fitness-regular-homme-bleu-clair/_/R-p-332540?mc=8773506&c=violet,"Ce t-shirt de fitness homme à manches courtes,190 g/m² est intemporel, vous allez le porter longtemps.",4.7,6083,"violet lavande, vert menthe pastel, jaune vanille, orange kumquat / -",Non disponible,https://sdk.privacy-center.org/sdk/610862b293a48d36ad4a866ce125ae87e9f407cd/modern/images/6aec35fa915164598d64-privacy-management-didomi.png
T-shirt 100% laine mérinos manche longue - mt500 - homme,FORCLAZ,54.99,https://www.decathlon.fr/p/t-shirt-100percent-laine-merinos-manche-longue-mt500-homme/_/R-p-11829?mc=8670229&c=noir,"Notre équipe, passionnée de trekking en montagne, a développé ce T-shirt mérinos pour vous permettre de trekker sans vous soucier des odeurs de transpiration.",4.5,365,"noir ultra, bleu abysse",S: En stock | M: En stock | L: En stock | XL: En stock | 2XL: En stock,https://sdk.privacy-center.org/sdk/610862b293a48d36ad4a866ce125ae87e9f407cd/modern/images/6aec35fa915164598d64-privacy-management-didomi.png
"T-shirt de fitness homme, rouge",ADIDAS,29.99,https://www.decathlon.fr/p/t-shirt-de-fitness-homme-blanc/_/R-p-365713?mc=8944450,"Pensé pour un usage polyvalent, alliant confort et liberté de mouvement en toutes occasions.",5.0,3,Non disponible,S: En stock | M: En stock | L: En stock | XL: En stock | 2XL: En stock | 3XL: En stock,https://sdk.privacy-center.org/sdk/610862b293a48d36ad4a866ce125ae87e9f407cd/modern/images/6aec35fa915164598d64-privacy-management-didomi.png
T-shirt de padel manches courtes technique homme - kuikma 900 Bleu clair,KUIKMA,21.99,https://www.decathlon.fr/p/t-shirt-de-padel-manches-courtes-technique-homme-kuikma-900-bleu-noir/_/R-p-312326?mc=8883393&c=bleu,Le t-shirt technique Kiukma 900 vous offrira une grande liberté de mouvement et confort. N'hésitez pas et habillez-vous comme un pro pour aller sur le terrain.,4.7,137,"bleu glacier / bleu délicat, gris asphalte / noir fumé, bleu cendré / noir fumé, violet hortensia",S: En stock | M: En stock | L: En stock | 2XL: En stock,https://sdk.privacy-center.org/sdk/610862b293a48d36ad4a866ce125ae87e9f407cd/modern/images/6aec35fa915164598d64-privacy-management-didomi.png
T-shirt de running léger Homme - KIPRUN Run 900 REPLIKA Vert,KIPRUN,34.99,https://www.decathlon.fr/p/t-shirt-de-running-leger-homme-kiprun-run-900-replika-blanc/_/R-p-346075?mc=8903126&c=vert,Ce t-shirt a été conçu dans un seul objectif : vous accompagner dans vos séances à haute intensité !,4.9,76,"vert délicat, blanc ultra / -",M: Rupture | L: En stock | XL: En stock,https://sdk.privacy-center.org/sdk/610862b293a48d36ad4a866ce125ae87e9f407cd/modern/images/6aec35fa915164598d64-privacy-management-didomi.png
"Tee-shirt de compression col rond homme, turquoise",DOMYOS,9,https://www.decathlon.fr/p/t-shirt-musculation-compression-manches-courtes-respirant-col-rond-homme-noir/_/R-p-311458?mc=8874351&c=bleu_vert,Nos concepteurs passionnés de musculation ont conçu ce Tee shirt compression pour vous permettre d'être à l'aise dans tous vos mouvements.,4.7,1324,"vert canard / bleu cendré, rose cendré / rose granit, violet magenta, noir fumé / vert kaki",S: Rupture | M: Rupture | L: Rupture | XL: En stock | 2XL: Rupture,https://sdk.privacy-center.org/sdk/610862b293a48d36ad4a866ce125ae87e9f407cd/modern/images/6aec35fa915164598d64-privacy-management-didomi.png
T-SHIRT DE FITNESS CARDIO ADIDAS HOMME BLEU,ADIDAS,19.99,https://www.decathlon.fr/p/t-shirt-de-fitness-cardio-adidas-homme-bleu/_/R-p-X8809210?mc=8809210,Conçu pour la pratique sportive régulière.,4.7,288,Non disponible,S: En stock | M: En stock | L: En stock | XL: En stock | 2XL: En stock,https://sdk.privacy-center.org/sdk/610862b293a48d36ad4a866ce125ae87e9f407cd/modern/images/6aec35fa915164598d64-privacy-management-didomi.png
T-shirt de running longue distance Homme - KIPRUN Run 900 Ultra Vert foncé grisé,KIPRUN,12.99,https://www.decathlon.fr/p/t-shirt-de-running-longue-distance-homme-kiprun-run-900-ultra-vert-fonce-grise/_/R-p-335727?mc=8826328&c=vert,"Ce t-shirt de trail running est l'allié de vos courses allant de 10 à 170 km ! Ultra léger et respirant, il se fait particulièrement apprécier par temps chaud.",4.8,151,"vert fumé, blanc coton / gris granit, bleu méditerranée",M: Rupture | L: Rupture | XL: En stock | 2XL: En stock,https://sdk.privacy-center.org/sdk/610862b293a48d36ad4a866ce125ae87e9f407cd/modern/images/6aec35fa915164598d64-privacy-management-didomi.png
T-shirt de running sans couture homme - kiprun run 500 confort noir,KIPRUN,19.99,https://www.decathlon.fr/p/t-shirt-de-running-sans-couture-homme-kiprun-run-500-confort-bleu-indigo/_/R-p-340992?mc=8861685&c=noir_gris,"Ce t-shirt Seamless (sans couture), doux et aéré sera parfait pour les sorties printanières et estivales.",4.7,609,"noir fumé / gris graphite, vert délicat / vert givré, jaune acide fluo / jaune pastel fluo, bleu indigo / bleu acier",S: En stock | M: En stock | L: En stock | XL: En stock | 2XL: En stock,https://sdk.privacy-center.org/sdk/610862b293a48d36ad4a866ce125ae87e9f407cd/modern/images/6aec35fa915164598d64-privacy-management-didomi.png
T-SHIRT DE FITNESS CARDIO ADIDAS HOMME NOIR,ADIDAS,19.99,https://www.decathlon.fr/p/t-shirt-de-fitness-cardio-adidas-homme-noir/_/R-p-X8875694?mc=8875694&c=noir,Conçu pour la pratique sportive régulière.,4.8,83,Non disponible,S: En stock | M: En stock | L: En stock | XL: En stock | 2XL: En stock,https://sdk.privacy-center.org/sdk/610862b293a48d36ad4a866ce125ae87e9f407cd/modern/images/6aec35fa915164598d64-privacy-management-didomi.png
T-shirt en coton 100 wildlife,SOLOGNAC,14.99,https://www.decathlon.fr/p/t-shirt-en-coton-100-yukon/_/R-p-364928?mc=8940360&c=noir_marron,"Le t-shirt basique et facile à porter, est conçu pour toutes les activités rurales : chasse, pêche, observation animale, entretien du territoire.",Non disponible,Non disponible,"marron armé / noir fumé, gris carbone / beige cendré, marron armé / noir fumé",S: En stock | M: En stock | L: En stock | XL: En stock | 2XL: En stock | 3XL: En stock,https://sdk.privacy-center.org/sdk/610862b293a48d36ad4a866ce125ae87e9f407cd/modern/images/6aec35fa915164598d64-privacy-management-didomi.png
"T-shirt manches courtes en laine mérinos homme, Merino Resist marron",SIMOND,34.99,https://www.decathlon.fr/p/t-shirt-manches-courtes-en-laine-merinos-homme-merino-resist-gris/_/R-p-356413?mc=8902056&c=marron,"Résistant, ce t-shirt manches courtes en laine mérinos et polyamide limite l’apparition des odeurs (testé en laboratoire selon l'ISO 17299-3).",5.0,6,"marron cuivré / marron terracotta, vert kaki bronze / vert bronze, gris graphite",S: En stock | M: En stock | L: En stock | XL: En stock | 2XL: En stock,https://sdk.privacy-center.org/sdk/610862b293a48d36ad4a866ce125ae87e9f407cd/modern/images/6aec35fa915164598d64-privacy-management-didomi.png
WATER TEE SHIRT top anti UV surf Manches Courtes Homme Noir,OLAIAN,7.99,https://www.decathlon.fr/p/water-tee-shirt-top-anti-uv-surf-manches-courtes-homme-blanc/_/R-p-342022?mc=8787286&c=noir,"Notre équipe de concepteurs a développé un tee-shirt anti UV particulièrement adapté à la pratique du surf en eau chaude, pour des sessions de moins d'une heure",4.7,691,"noir fumé, non teint",XS: En stock | S: En stock | M: En stock | L: En stock | XL: En stock | 2XL: En stock | 3XL: En stock,https://sdk.privacy-center.org/sdk/610862b293a48d36ad4a866ce125ae87e9f407cd/modern/images/6aec35fa915164598d64-privacy-management-didomi.png
"T-shirt graphique mixte, Elementals, marron",DECATHLON,19.99,https://www.decathlon.fr/p/t-shirt-graphique-mixte-elementals-noir/_/R-p-360579?mc=8926243&c=marron,"Parfait complément de style, ce t-shirt graphique unisexe a été imaginé pour tous les looks.",Non disponible,Non disponible,"marron taupe, rose quartz, gris carbone, vert cyprès",XS: En stock | S: En stock | M: En stock | L: En stock | XL: En stock | 2XL: En stock,https://sdk.privacy-center.org/sdk/610862b293a48d36ad4a866ce125ae87e9f407cd/modern/images/6aec35fa915164598d64-privacy-management-didomi.png
T-shirt laine mérinos de trek voyage - TRAVEL 500 manches longues kaki homme,FORCLAZ,23.99,https://www.decathlon.fr/p/t-shirt-laine-merinos-de-trek-voyage-travel-500-manches-longues-kaki-homme/_/R-p-4523?mc=8504629&c=gris,Nos concepteurs backpackers ont conçu ce tee-shirt pour vous permettre de parcourir le monde en toute sérénité et dans tous les environnements.,4.7,710,"gris kaki, bleu abysse",S: En stock | M: Rupture | L: Rupture | XL: Rupture | 2XL: En stock,https://sdk.privacy-center.org/sdk/610862b293a48d36ad4a866ce125ae87e9f407cd/modern/images/6aec35fa915164598d64-privacy-management-didomi.png
T-SHIRT RESISTANT 100 MARRON,SOLOGNAC,9.99,https://www.decathlon.fr/p/t-shirt-resistant-100-vert/_/R-p-338195?mc=8734910&c=marron,"Conçu pour toutes les activités rurales : chasse, pêche, observation animale, entretien du territoire.",4.7,780,"marron ébène, gris carbone, vert armé",S: En stock | M: En stock | L: En stock | XL: En stock | 2XL: En stock | 3XL: En stock | 4XL: En stock,https://sdk.privacy-center.org/sdk/610862b293a48d36ad4a866ce125ae87e9f407cd/modern/images/6aec35fa915164598d64-privacy-management-didomi.png
tee shirt anti uv surf top 100 manches longues homme gris,OLAIAN,11.99,https://www.decathlon.fr/p/tee-shirt-anti-uv-surf-top-100-manches-longues-homme-blanc/_/R-p-170216?mc=8611954&c=bleu,"Notre équipe de concepteurs a développé un tee-shirt anti UV particulièrement adapté à la pratique du surf en eau chaude, pour des sessions de moins d'une heure",4.6,1163,"bleu ouragan, blanc ultra",XS: En stock | S: En stock | M: En stock | L: En stock | XL: En stock | 2XL: En stock | 3XL: Rupture,https://sdk.privacy-center.org/sdk/610862b293a48d36ad4a866ce125ae87e9f407cd/modern/images/6aec35fa915164598d64-privacy-management-didomi.png
T-shirt de running manches longues slim Homme - KIPRUN Run 500 Sans couture Bleu,KIPRUN,16,https://www.decathlon.fr/p/t-shirt-de-running-manches-longues-slim-homme-kiprun-run-500-sans-couture-gris/_/R-p-307913?mc=8642374&c=bleu,Nos équipes de conception ont développé ce tee shirt manches longues de running hiver homme respirant et proche du corps pour vos sorties course à pied,4.8,1918,"bleu / bleu acier, orange flamme / rouge flamme, jaune acide fluo / blanc ultra, gris carbone / gris asphalte",Non disponible,https://sdk.privacy-center.org/sdk/610862b293a48d36ad4a866ce125ae87e9f407cd/modern/images/6aec35fa915164598d64-privacy-management-didomi.png
T-shirt de fitness essentiel respirant col rond homme - bleu chiné,DOMYOS,3.99,https://www.decathlon.fr/p/t-shirt-de-fitness-essentiel-respirant-col-rond-homme-gris-chine/_/R-p-302873?mc=8603263&c=blanc_bleu,Nos équipes de conception ont développé avec amour ce tee shirt de fitness pour qu’il vous accompagne dans vos premiers pas… Et même plus!,4.7,9387,"bleu indigo / non teint, gris comète / gris ardoise, noir fumé, blanc ultra / -",S: En stock | M: En stock | L: En stock | XL: En stock | 2XL: En stock | 3XL: En stock | 4XL: En stock,https://sdk.privacy-center.org/sdk/610862b293a48d36ad4a866ce125ae87e9f407cd/modern/images/6aec35fa915164598d64-privacy-management-didomi.png
T-shirt de running manches longues Homme - KIPRUN Run 500 Sans couture Jaune,KIPRUN,24.99,https://www.decathlon.fr/p/t-shirt-de-running-manches-longues-homme-kiprun-run-500-sans-couture-noir/_/R-p-325868?mc=8642372&c=jaune,Nos équipes de conception ont développé ce tee shirt manches longues de running hiver homme respirant pour vos sorties course à pied par temps frais.,4.8,1811,"jaune acide fluo / jaune pastel fluo, bleu universel / bleu marine, noir fumé / gris graphite, violet bordeaux / violet bordeaux",S: Rupture | M: En stock | L: En stock | XL: En stock | 2XL: En stock,https://sdk.privacy-center.org/sdk/610862b293a48d36ad4a866ce125ae87e9f407cd/modern/images/6aec35fa915164598d64-privacy-management-didomi.png
"T-shirt manches courtes 100 % laine mérinos homme, Merino 100% noir",SIMOND,39.99,https://www.decathlon.fr/p/t-shirt-manches-courtes-100-percent-laine-merinos-homme-merino-100percent-kaki/_/R-p-349694?mc=8852627&c=noir,"Composé à 100 % de laine mérinos, ce t-shirt limite l’apparition des odeurs (testé en laboratoire selon l'ISO 17299-3).",4.3,3,"noir ultra, vert kaki bronze",S: En stock | M: En stock | L: En stock | XL: En stock | 2XL: En stock,https://sdk.privacy-center.org/sdk/610862b293a48d36ad4a866ce125ae87e9f407cd/modern/images/6aec35fa915164598d64-privacy-management-didomi.png
T-shirt de running respirant Homme - KIPRUN Run 500 Dry Bleu foncé,KIPRUN,6.99,https://www.decathlon.fr/p/t-shirt-de-running-respirant-homme-kiprun-run-500-dry-blanc-casse/_/R-p-339765?mc=8861545&c=bleu,"L'entraînement s'intensifie ou vous gardez le rythme ? Ce t-shirt technique, à la coupe droite pour un style moderne sera à la hauteur de tous vos objectifs.",4.8,1147,"bleu noir, bleu denim, vert écume, vert délicat",S: Rupture | M: Rupture | L: Rupture | XL: En stock | 2XL: Rupture,https://sdk.privacy-center.org/sdk/610862b293a48d36ad4a866ce125ae87e9f407cd/modern/images/6aec35fa915164598d64-privacy-management-didomi.png
"T-shirt de yoga manches courtes doux homme, bleu acier",KIMJALY,8,https://www.decathlon.fr/p/t-shirt-de-yoga-manches-courtes-doux-homme-beige-lin/_/R-p-326999?mc=8678466&c=bleu,"T-shirt très léger en matière naturelle. Doux, extensible et plus long qu'un T-shirt classique, vous l'oublierez pendant vos séances de yoga ou méditation.",4.2,114,"bleu acier, noir graphite, marron sépia, beige lin",S: En stock | M: Rupture | L: Rupture | XL: Rupture | 2XL: Rupture,https://sdk.privacy-center.org/sdk/610862b293a48d36ad4a866ce125ae87e9f407cd/modern/images/6aec35fa915164598d64-privacy-management-didomi.png
T-shirt de running respirant Homme - KIPRUN 100 Dry Bleu,DECATHLON,4,https://www.decathlon.fr/p/t-shirt-de-running-respirant-homme-kiprun-run-100-dry-bleu-fonce/_/R-p-165437?mc=8666011&c=bleu,Notre équipe de concepteurs a conçu ce t-shirt de running homme respirant afin de vous garder au sec par temps chaud pendant vos sorties course à pied.,4.7,23402,"bleu denim, blanc ultra, noir fumé, bleu cobalt",XS: Rupture | S: Rupture | M: Rupture | L: Rupture | XL: Rupture | 2XL: Rupture | 3XL: Rupture,https://sdk.privacy-center.org/sdk/610862b293a48d36ad4a866ce125ae87e9f407cd/modern/images/6aec35fa915164598d64-privacy-management-didomi.png
T-shirt fitness manches longues slim coton col rond homme gris,DOMYOS,9.99,https://www.decathlon.fr/p/t-shirt-manches-longues-fitness-homme-100-noir/_/R-p-332877?mc=8644800&c=gris,Un basique du dressing. Difficile de faire mieux!,4.4,2192,"gris fonte, noir ultra, blanc ultra",S: En stock | M: En stock | L: En stock | XL: En stock | 2XL: En stock | 3XL: En stock | 4XL: En stock,https://sdk.privacy-center.org/sdk/610862b293a48d36ad4a866ce125ae87e9f407cd/modern/images/6aec35fa915164598d64-privacy-management-didomi.png
WATER TEE SHIRT top anti UV surf Manches Longues Homme Blue,OLAIAN,9.99,https://www.decathlon.fr/p/water-tee-shirt-top-anti-uv-surf-manches-longues-homme-blue/_/R-p-341224?mc=8787799&c=bleu,"Notre équipe de concepteurs a développé un tee-shirt anti UV particulièrement adapté à la pratique du surf en eau chaude, pour des sessions de moins d'une heure",4.7,271,Non disponible,XS: En stock | S: En stock | M: En stock | L: En stock | XL: En stock | 2XL: En stock | 3XL: En stock,https://sdk.privacy-center.org/sdk/610862b293a48d36ad4a866ce125ae87e9f407cd/modern/images/6aec35fa915164598d64-privacy-management-didomi.png
T-SHIRT / MAILLOT BASKETBALL HOMME/FEMME - TS500 FAST GRIS,TARMAK,6,https://www.decathlon.fr/p/t-shirt-maillot-basketball-homme-femme-ts500-fast-gris/_/R-p-5604?mc=8669553&c=incolore_gris,Nos concepteurs basketteurs ont développé ce T-shirt pour la pratique du Basketball à l'entraînement et en extérieur sur playground.,4.8,2087,"gris tempête / -, blanc ultra / -, vert forêt / blanc, noir / multicolore",XS: Rupture | S: En stock | M: En stock | L: Rupture | XL: En stock | 2XL: Rupture | 3XL: Rupture | 4XL: Rupture,https://sdk.privacy-center.org/sdk/610862b293a48d36ad4a866ce125ae87e9f407cd/modern/images/6aec35fa915164598d64-privacy-management-didomi.png
Tee shirt anti uv manches courtes Homme - Print kaki,OLAIAN,9.99,https://www.decathlon.fr/p/t-shirt-de-surf-manches-courtes-upf50-homme-blackflower-noir/_/R-p-345406?mc=8798121&c=vert,Ce t-shirt anti UV adapté à la pratique du surf en eau chaude vous accompagnera aussi bien dans que hors de l'eau avec sa coupe ample et son imprimé,4.8,847,"vert Kaki cendré, gris fonce, noir",XS: En stock | S: En stock | M: Rupture | L: Rupture | XL: Rupture | 2XL: Rupture | 3XL: Rupture,https://sdk.privacy-center.org/sdk/610862b293a48d36ad4a866ce125ae87e9f407cd/modern/images/6aec35fa915164598d64-privacy-management-didomi.png
T-SHIRT DE RUNNING 500 CONFORT SLIM noir fumé,KIPRUN,19.99,https://www.decathlon.fr/p/t-shirt-de-running-500-confort-slim-blanc/_/R-p-355949?mc=8930736&c=noir_gris,"À la recherche d'une seconde peau ? Ce t-shirt de running se fera oublier grâce à sa légèreté, son fitting proche du corps et l'absence de coutures latérales !",4.6,10,"noir fumé / gris graphite, blanc ultra / gris argent",S: En stock | M: En stock | L: En stock | XL: En stock | 2XL: En stock,https://sdk.privacy-center.org/sdk/610862b293a48d36ad4a866ce125ae87e9f407cd/modern/images/6aec35fa915164598d64-privacy-management-didomi.png
tee shirt de surf manches longues UPF50+ homme - flower blanc,OLAIAN,11.99,https://www.decathlon.fr/p/tee-shirt-de-surf-manches-longues-upf50-homme-flower-blanc/_/R-p-365654?mc=8943136&c=blanc,"Ce tee-shirt anti UV est particulièrement adapté à la pratique du surf en eau chaude, pour des sessions de moins d'une heure",5.0,Non disponible,Non disponible,S: En stock | M: En stock | L: En stock | XL: En stock | 2XL: En stock | 3XL: En stock,https://sdk.privacy-center.org/sdk/610862b293a48d36ad4a866ce125ae87e9f407cd/modern/images/6aec35fa915164598d64-privacy-management-didomi.png
T-shirt pêche manches courtes coton Truite,CAPERLAN,14.99,https://www.decathlon.fr/p/t-shirt-peche-manches-courtes-coton-truite/_/R-p-361491?mc=8930617&c=gris,Ce t-shirt est conçu pour toutes les les activités pêche.,Non disponible,Non disponible,"gris carbone, gris perle, blanc ultra, bleu ouragan",S: En stock | M: En stock | L: En stock | XL: En stock | 2XL: En stock,https://sdk.privacy-center.org/sdk/610862b293a48d36ad4a866ce125ae87e9f407cd/modern/images/6aec35fa915164598d64-privacy-management-didomi.png
Tee-shirt seamless manches longues en laine mérinos homme - alpinisme,SIMOND,34.99,https://www.decathlon.fr/p/tee-shirt-seamless-manches-longues-en-laine-merinos-homme-alpinisme/_/R-p-313061?mc=8644279&c=gris,Ce sous vêtement chaud et près du corps est idéal comme première couche pour l'alpinisme ou l'escalade quand il fait froid.,4.6,107,Non disponible,S: En stock | M: En stock | L: En stock | XL: En stock | 2XL: En stock,https://sdk.privacy-center.org/sdk/610862b293a48d36ad4a866ce125ae87e9f407cd/modern/images/6aec35fa915164598d64-privacy-management-didomi.png
T-shirt anti-uv manches longues sailing 500 homme blanc,TRIBORD,19.99,https://www.decathlon.fr/p/t-shirt-anti-uv-manches-longues-sailing-500-homme-blanc/_/R-p-325066?mc=8584995&c=incolore_blanc,Notre équipe de conception a développé ce t-shirt anti UV manches longues pour se protéger en mer comme à terre. Un produit technique et sobre à la fois !,4.6,64,"blanc ultra / - / -, blanc ultra / -",S: Rupture | M: En stock | L: En stock | XL: En stock | 2XL: En stock | 3XL: En stock,https://sdk.privacy-center.org/sdk/610862b293a48d36ad4a866ce125ae87e9f407cd/modern/images/6aec35fa915164598d64-privacy-management-didomi.png
"T-shirt de fitness pour homme UA Tech™ 2.0, noir",UNDER ARMOUR,29.99,https://www.decathlon.fr/p/t-shirt-de-fitness-pour-homme-ua-tech-2-0-noir/_/R-p-X8947074?mc=8947074,"Conçu pour allier confort et performance, grâce à une matière UA Tech™ légère et à séchage rapide, parfaite pour le fitness",Non disponible,Non disponible,Non disponible,S: En stock | M: En stock | L: En stock | XL: En stock | 2XL: En stock,https://sdk.privacy-center.org/sdk/610862b293a48d36ad4a866ce125ae87e9f407cd/modern/images/6aec35fa915164598d64-privacy-management-didomi.png
Maillot Home 2025 Maroc Homme PUMA Red Archive Green,PUMA,76,https://www.decathlon.fr/p/mp/puma/maillot-home-2025-maroc-homme-puma-red-archive-green/_/R-p-1a37b6c3-dda8-41a1-88bd-a60f2b0acb63?mc=1a37b6c3-dda8-41a1-88bd-a60f2b0acb63_c14c9c14&c=vert_rouge,Montre ta fierté de soutenir les Lions de l'Atlas avec la nouvelle tenue Domicile de la sélection marocaine par PUMA.,Non disponible,Non disponible,"rouge / vert / rouge, rouge / vert",XS: En stock | S: En stock | M: En stock | L: En stock | XL: En stock | 2XL: En stock,https://sdk.privacy-center.org/sdk/610862b293a48d36ad4a866ce125ae87e9f407cd/modern/images/6aec35fa915164598d64-privacy-management-didomi.png
Tee shirt anti uv manches courtes homme - 100 orange fluo,OLAIAN,9.99,https://www.decathlon.fr/p/tee-shirt-anti-uv-manches-courtes-homme-100-rouge/_/R-p-164714?mc=8386749&c=orange,"Ce tee shirt anti UV vous accompagne dans votre pratique du surf ou d'autres activités sportives en eau chaude, pour des sessions de moins d'une heure",4.7,1289,"orange flamme fluo, vert armé, gris graphite, bleu de prusse",XS: En stock | S: Rupture | M: Rupture | L: Rupture | XL: Rupture | 2XL: En stock,https://sdk.privacy-center.org/sdk/610862b293a48d36ad4a866ce125ae87e9f407cd/modern/images/6aec35fa915164598d64-privacy-management-didomi.png
